{"gradients/Decoder.FC_output.bias": {"_type": "histogram", "values": [1.0, 0.0, 0.0, 0.0, 0.0, 0.0, 0.0, 1.0, 1.0, 1.0, 1.0, 0.0, 1.0, 2.0, 1.0, 4.0, 4.0, 4.0, 0.0, 2.0, 11.0, 5.0, 10.0, 11.0, 6.0, 11.0, 11.0, 10.0, 14.0, 12.0, 22.0, 24.0, 28.0, 284.0, 70.0, 40.0, 22.0, 27.0, 13.0, 21.0, 12.0, 11.0, 12.0, 10.0, 12.0, 8.0, 5.0, 6.0, 4.0, 4.0, 4.0, 1.0, 4.0, 3.0, 2.0, 2.0, 4.0, 1.0, 0.0, 0.0, 2.0, 0.0, 1.0, 1.0], "bins": [-7.3749494552612305, -7.154646396636963, -6.934343338012695, -6.714040279388428, -6.49373722076416, -6.273433685302734, -6.053131103515625, -5.832827568054199, -5.612524509429932, -5.392221450805664, -5.1719183921813965, -4.951615333557129, -4.731312274932861, -4.511009216308594, -4.290705680847168, -4.0704026222229, -3.850099802017212, -3.6297967433929443, -3.4094936847686768, -3.18919038772583, -2.9688873291015625, -2.748584270477295, -2.5282812118530273, -2.3079781532287598, -2.087675094604492, -1.8673720359802246, -1.6470688581466675, -1.4267657995224, -1.2064626216888428, -0.9861595630645752, -0.7658565044403076, -0.5455533266067505, -0.32525014877319336, -0.1049470454454422, 0.11535605788230896, 0.3356591463088989, 0.5559622645378113, 0.7762653827667236, 0.9965684413909912, 1.2168716192245483, 1.4371747970581055, 1.657477855682373, 1.8777810335159302, 2.098083972930908, 2.318387269973755, 2.5386903285980225, 2.75899338722229, 2.9792966842651367, 3.199599504470825, 3.4199025630950928, 3.6402056217193604, 3.860508918762207, 4.080811977386475, 4.301115036010742, 4.52141809463501, 4.741721153259277, 4.962024211883545, 5.1823272705078125, 5.40263032913208, 5.622933387756348, 5.843236446380615, 6.063539505004883, 6.283843040466309, 6.504146099090576, 6.724449157714844]}, "gradients/Decoder.FC_output.weight": {"_type": "histogram", "values": [3.0, 5.0, 1.0, 4.0, 8.0, 8.0, 9.0, 15.0, 22.0, 32.0, 52.0, 72.0, 120.0, 152.0, 217.0, 281.0, 403.0, 525.0, 745.0, 927.0, 1205.0, 1554.0, 2097.0, 2537.0, 3231.0, 4068.0, 5135.0, 6315.0, 7705.0, 9789.0, 12658.0, 17403.0, 151898.0, 20635.0, 14150.0, 10797.0, 8579.0, 6839.0, 5398.0, 4120.0, 3291.0, 2592.0, 2014.0, 1504.0, 1143.0, 854.0, 670.0, 502.0, 363.0, 293.0, 187.0, 136.0, 103.0, 73.0, 58.0, 31.0, 18.0, 22.0, 8.0, 8.0, 9.0, 3.0, 2.0, 2.0], "bins": [-10.606181144714355, -10.276930809020996, -9.94767951965332, -9.618429183959961, -9.289178848266602, -8.959927558898926, -8.630677223205566, -8.30142593383789, -7.972175598144531, -7.642924785614014, -7.313673973083496, -6.984423637390137, -6.655172824859619, -6.325922012329102, -5.996671676635742, -5.667420864105225, -5.338170051574707, -5.0089192390441895, -4.679668426513672, -4.3504180908203125, -4.021167278289795, -3.6919164657592773, -3.362665891647339, -3.0334153175354004, -2.704164505004883, -2.3749136924743652, -2.0456631183624268, -1.7164124250411987, -1.3871617317199707, -1.0579110383987427, -0.7286603450775146, -0.39940977096557617, -0.07015800476074219, 0.25909268856048584, 0.5883433818817139, 0.9175940752029419, 1.24684476852417, 1.576095461845398, 1.905346155166626, 2.2345967292785645, 2.563847541809082, 2.8930983543395996, 3.222348928451538, 3.5515995025634766, 3.880850315093994, 4.210101127624512, 4.539351463317871, 4.868602275848389, 5.197853088378906, 5.527103900909424, 5.856354713439941, 6.185605049133301, 6.514855861663818, 6.844106674194336, 7.173357009887695, 7.502607822418213, 7.8318586349487305, 8.16110897064209, 8.490360260009766, 8.819610595703125, 9.148860931396484, 9.47811222076416, 9.80736255645752, 10.136613845825195, 10.465864181518555]}, "gradients/Decoder.FC_hidden.bias": {"_type": "histogram", "values": [1.0, 0.0, 0.0, 0.0, 0.0, 0.0, 0.0, 0.0, 1.0, 1.0, 0.0, 0.0, 1.0, 2.0, 3.0, 5.0, 3.0, 1.0, 5.0, 5.0, 7.0, 15.0, 11.0, 12.0, 17.0, 10.0, 7.0, 25.0, 21.0, 23.0, 19.0, 15.0, 17.0, 17.0, 18.0, 14.0, 15.0, 16.0, 15.0, 13.0, 5.0, 11.0, 8.0, 8.0, 7.0, 3.0, 4.0, 3.0, 1.0, 2.0, 1.0, 2.0, 0.0, 3.0, 0.0, 0.0, 1.0, 0.0, 1.0, 2.0, 1.0, 1.0, 0.0, 1.0], "bins": [-21.231830596923828, -20.59494400024414, -19.958057403564453, -19.321168899536133, -18.684282302856445, -18.047395706176758, -17.41050910949707, -16.773622512817383, -16.136734008789062, -15.499847412109375, -14.862959861755371, -14.226073265075684, -13.58918571472168, -12.952299118041992, -12.315412521362305, -11.678525924682617, -11.04163932800293, -10.404752731323242, -9.767865180969238, -9.13097858428955, -8.494091033935547, -7.857204437255859, -7.220317840576172, -6.583430767059326, -5.9465436935424805, -5.309656620025635, -4.672769546508789, -4.035882949829102, -3.398995876312256, -2.76210880279541, -2.1252219676971436, -1.488335132598877, -0.8514499664306641, -0.2145630121231079, 0.42232394218444824, 1.0592108964920044, 1.6960978507995605, 2.3329849243164062, 2.969871759414673, 3.6067585945129395, 4.243645668029785, 4.880532741546631, 5.517419815063477, 6.154306411743164, 6.79119348526001, 7.4280805587768555, 8.064967155456543, 8.701854705810547, 9.338741302490234, 9.975627899169922, 10.612515449523926, 11.249402046203613, 11.886289596557617, 12.523176193237305, 13.160062789916992, 13.79694938659668, 14.433836936950684, 15.070723533630371, 15.707611083984375, 16.344497680664062, 16.98138427734375, 17.618270874023438, 18.255159378051758, 18.892045974731445, 19.528932571411133]}, "gradients/Decoder.FC_hidden.weight": {"_type": "histogram", "values": [1.0, 0.0, 0.0, 0.0, 0.0, 0.0, 0.0, 0.0, 0.0, 0.0, 0.0, 4.0, 1.0, 2.0, 2.0, 5.0, 2.0, 6.0, 7.0, 12.0, 17.0, 20.0, 27.0, 43.0, 52.0, 74.0, 94.0, 133.0, 185.0, 235.0, 324.0, 362.0, 461.0, 580.0, 679.0, 655.0, 604.0, 566.0, 558.0, 516.0, 388.0, 338.0, 261.0, 205.0, 157.0, 116.0, 81.0, 82.0, 39.0, 29.0, 24.0, 14.0, 11.0, 7.0, 7.0, 2.0, 3.0, 1.0, 6.0, 0.0, 1.0, 0.0, 0.0, 1.0], "bins": [-30.11165428161621, -29.282960891723633, -28.454269409179688, -27.62557601928711, -26.79688262939453, -25.968189239501953, -25.139495849609375, -24.31080436706543, -23.48211097717285, -22.653417587280273, -21.824726104736328, -20.99603271484375, -20.167339324951172, -19.338645935058594, -18.509952545166016, -17.68126106262207, -16.852567672729492, -16.023874282836914, -15.195181846618652, -14.36648941040039, -13.537796020507812, -12.709102630615234, -11.880410194396973, -11.051717758178711, -10.223024368286133, -9.394330978393555, -8.565638542175293, -7.736945629119873, -6.908252716064453, -6.079559803009033, -5.250866889953613, -4.422173976898193, -3.5934829711914062, -2.7647900581359863, -1.9360971450805664, -1.1074042320251465, -0.27871131896972656, 0.5499815940856934, 1.3786745071411133, 2.207367420196533, 3.036060333251953, 3.864753246307373, 4.693446159362793, 5.522139072418213, 6.350831985473633, 7.179524898529053, 8.008217811584473, 8.836910247802734, 9.665603637695312, 10.49429702758789, 11.322989463806152, 12.151681900024414, 12.980375289916992, 13.80906867980957, 14.637761116027832, 15.466453552246094, 16.295146942138672, 17.12384033203125, 17.952533721923828, 18.781225204467773, 19.60991859436035, 20.43861198425293, 21.267303466796875, 22.095996856689453, 22.92469024658203]}, "gradients/Encoder.FC_var.bias": {"_type": "histogram", "values": [1.0, 0.0, 1.0, 0.0, 0.0, 0.0, 0.0, 0.0, 0.0, 0.0, 1.0, 0.0, 0.0, 2.0, 1.0, 2.0, 1.0, 0.0, 0.0, 0.0, 1.0, 1.0, 0.0, 0.0, 1.0, 0.0, 1.0, 1.0, 1.0, 0.0, 0.0, 0.0, 0.0, 1.0, 1.0, 1.0, 0.0, 0.0, 0.0, 0.0, 0.0, 0.0, 0.0, 0.0, 0.0, 0.0, 0.0, 0.0, 0.0, 0.0, 0.0, 0.0, 0.0, 0.0, 0.0, 0.0, 0.0, 0.0, 0.0, 0.0, 1.0, 0.0, 0.0, 1.0],