{"gradients/Decoder.FC_output.bias": {"_type": "histogram", "values": [1.0, 0.0, 0.0, 0.0, 1.0, 0.0, 1.0, 1.0, 2.0, 2.0, 0.0, 2.0, 2.0, 0.0, 3.0, 5.0, 7.0, 2.0, 2.0, 3.0, 6.0, 4.0, 9.0, 7.0, 6.0, 5.0, 6.0, 17.0, 6.0, 13.0, 13.0, 20.0, 15.0, 19.0, 14.0, 24.0, 31.0, 22.0, 247.0, 71.0, 42.0, 22.0, 23.0, 21.0, 19.0, 10.0, 10.0, 6.0, 9.0, 2.0, 3.0, 7.0, 3.0, 3.0, 3.0, 5.0, 1.0, 1.0, 3.0, 0.0, 0.0, 1.0, 0.0, 1.0], "bins": [-6.745497703552246, -6.571286678314209, -6.397075653076172, -6.222864627838135, -6.048653602600098, -5.874442100524902, -5.700231075286865, -5.526020050048828, -5.351809024810791, -5.177597999572754, -5.003386974334717, -4.82917594909668, -4.654964447021484, -4.480753421783447, -4.30654239654541, -4.132331371307373, -3.958120346069336, -3.783909320831299, -3.6096982955932617, -3.4354870319366455, -3.2612760066986084, -3.0870649814605713, -2.912853717803955, -2.738642692565918, -2.564431667327881, -2.3902206420898438, -2.2160096168518066, -2.0417983531951904, -1.8675873279571533, -1.6933763027191162, -1.5191651582717896, -1.344954013824463, -1.1707425117492676, -0.9965314269065857, -0.8223203420639038, -0.6481092572212219, -0.47389817237854004, -0.29968708753585815, -0.12547600269317627, 0.04873514175415039, 0.2229461669921875, 0.3971572518348694, 0.5713683366775513, 0.7455794215202332, 0.919790506362915, 1.0940015316009521, 1.2682126760482788, 1.4424238204956055, 1.6166348457336426, 1.7908458709716797, 1.9650570154190063, 2.139268159866333, 2.31347918510437, 2.4876902103424072, 2.6619014739990234, 2.8361124992370605, 3.0103235244750977, 3.1845345497131348, 3.358745574951172, 3.532956838607788, 3.707167863845825, 3.8813788890838623, 4.0555901527404785, 4.229801177978516, 4.404012203216553]}, "gradients/Decoder.FC_output.weight": {"_type": "histogram", "values": [4.0, 7.0, 3.0, 6.0, 11.0, 8.0, 16.0, 29.0, 48.0, 44.0, 73.0, 130.0, 154.0, 224.0, 279.0, 349.0, 487.0, 648.0, 833.0, 1125.0, 1469.0, 1703.0, 2268.0, 2771.0, 3463.0, 4136.0, 5112.0, 6283.0, 7749.0, 9549.0, 11644.0, 14916.0, 20393.0, 148853.0, 20679.0, 12862.0, 9277.0, 6984.0, 5117.0, 3888.0, 2836.0, 2041.0, 1459.0, 1093.0, 774.0, 496.0, 378.0, 272.0, 207.0, 125.0, 91.0, 62.0, 59.0, 34.0, 24.0, 20.0, 12.0, 10.0, 4.0, 5.0, 0.0, 1.0, 1.0, 2.0], "bins": [-10.810201644897461, -10.485389709472656, -10.160576820373535, -9.83576488494873, -9.510952949523926, -9.186140060424805, -8.861328125, -8.536516189575195, -8.211703300476074, -7.886890888214111, -7.562078952789307, -7.237266540527344, -6.912454128265381, -6.587641716003418, -6.262829780578613, -5.93801736831665, -5.613205432891846, -5.288393020629883, -4.963581085205078, -4.638768672943115, -4.313956260681152, -3.9891440868377686, -3.6643319129943848, -3.339519500732422, -3.014707565307617, -2.6898953914642334, -2.3650829792022705, -2.0402708053588867, -1.7154585123062134, -1.39064621925354, -1.0658340454101562, -0.7410216331481934, -0.41620922088623047, -0.09139695763587952, 0.23341530561447144, 0.5582275390625, 0.8830398321151733, 1.2078521251678467, 1.5326642990112305, 1.8574767112731934, 2.1822891235351562, 2.50710129737854, 2.831913709640503, 3.1567258834838867, 3.4815382957458496, 3.8063504695892334, 4.131162643432617, 4.45597505569458, 4.780786991119385, 5.105599403381348, 5.430411338806152, 5.755223751068115, 6.080036163330078, 6.404848098754883, 6.729660511016846, 7.054472923278809, 7.379284858703613, 7.704097270965576, 8.028909683227539, 8.353721618652344, 8.678533554077148, 9.00334644317627, 9.328158378601074, 9.652971267700195, 9.977783203125]}, "gradients/Decoder.FC_hidden.bias": {"_type": "histogram", "values": [1.0, 1.0, 1.0, 0.0, 0.0, 0.0, 0.0, 0.0, 0.0, 1.0, 2.0, 2.0, 1.0, 2.0, 3.0, 1.0, 5.0, 3.0, 8.0, 7.0, 10.0, 7.0, 18.0, 12.0, 13.0, 15.0, 19.0, 10.0, 21.0, 22.0, 22.0, 13.0, 16.0, 13.0, 13.0, 15.0, 9.0, 15.0, 13.0, 10.0, 10.0, 10.0, 5.0, 5.0, 5.0, 11.0, 3.0, 4.0, 4.0, 3.0, 1.0, 4.0, 3.0, 1.0, 2.0, 2.0, 0.0, 0.0, 0.0, 0.0, 0.0, 0.0, 1.0, 2.0], "bins": [-16.462299346923828, -15.926111221313477, -15.389924049377441, -14.85373592376709, -14.317547798156738, -13.781360626220703, -13.245172500610352, -12.708984375, -12.172796249389648, -11.636608123779297, -11.100420951843262, -10.56423282623291, -10.028044700622559, -9.491857528686523, -8.955669403076172, -8.41948127746582, -7.883294105529785, -7.347106456756592, -6.81091833114624, -6.274730682373047, -5.738542556762695, -5.202354907989502, -4.666167259216309, -4.129979133605957, -3.593791961669922, -3.0576040744781494, -2.521416187286377, -1.9852285385131836, -1.4490406513214111, -0.9128527641296387, -0.3766651153564453, 0.15952277183532715, 0.6957111358642578, 1.2318990230560303, 1.7680867910385132, 2.304274559020996, 2.8404624462127686, 3.376650333404541, 3.9128379821777344, 4.449026107788086, 4.9852142333984375, 5.521401882171631, 6.057590007781982, 6.593777656555176, 7.129965782165527, 7.666153430938721, 8.202341079711914, 8.738529205322266, 9.2747163772583, 9.810904502868652, 10.347091674804688, 10.883279800415039, 11.41946792602539, 11.955656051635742, 12.491843223571777, 13.028031349182129, 13.564218521118164, 14.100406646728516, 14.63659381866455, 15.172781944274902, 15.708970069885254, 16.24515724182129, 16.78134536743164, 17.317533493041992, 17.853721618652344]}, "gradients/Decoder.FC_hidden.weight": {"_type": "histogram", "values": [1.0, 1.0, 1.0, 0.0, 0.0, 0.0, 0.0, 1.0, 2.0, 3.0, 3.0, 5.0, 4.0, 9.0, 9.0, 12.0, 27.0, 20.0, 35.0, 54.0, 52.0, 81.0, 114.0, 158.0, 169.0, 226.0, 259.0, 303.0, 363.0, 442.0, 495.0, 597.0, 574.0, 623.0, 557.0, 485.0, 447.0, 375.0, 321.0, 260.0, 232.0, 178.0, 146.0, 93.0, 79.0, 54.0, 29.0, 23.0, 23.0, 11.0, 16.0, 7.0, 7.0, 2.0, 1.0, 3.0, 1.0, 2.0, 1.0, 0.0, 2.0, 1.0, 0.0, 1.0], "bins": [-22.881484985351562, -22.184446334838867, -21.487407684326172, -20.790369033813477, -20.09333038330078, -19.39629364013672, -18.699254989624023, -18.002216339111328, -17.305177688598633, -16.608139038085938, -15.911100387573242, -15.214062690734863, -14.517024040222168, -13.819985389709473, -13.122947692871094, -12.425909042358398, -11.728870391845703, -11.031831741333008, -10.334793090820312, -9.637755393981934, -8.940716743469238, -8.243678092956543, -7.546639919281006, -6.849601745605469, -6.152563095092773, -5.455524444580078, -4.758486270904541, -4.061448097229004, -3.3644094467163086, -2.6673710346221924, -1.9703326225280762, -1.273294448852539, -0.5762557983398438, 0.12078261375427246, 0.8178210258483887, 1.5148594379425049, 2.211897850036621, 2.9089362621307373, 3.6059746742248535, 4.303012847900391, 5.000051498413086, 5.697090148925781, 6.394128322601318, 7.0911664962768555, 7.788205146789551, 8.485243797302246, 9.182281494140625, 9.87932014465332, 10.576358795166016, 11.273397445678711, 11.970436096191406, 12.667473793029785, 13.36451244354248, 14.061551094055176, 14.758588790893555, 15.45562744140625, 16.152666091918945, 16.84970474243164, 17.546743392944336, 18.24378204345703, 18.940818786621094, 19.63785743713379, 20.334896087646484, 21.03193473815918, 21.728973388671875]}, "gradients/Encoder.FC_var.bias": {"_type": "histogram", "values": [1.0, 0.0, 0.0, 0.0, 0.0, 0.0, 0.0, 0.0, 0.0, 1.0, 1.0, 1.0, 1.0, 0.0, 1.0, 1.0, 0.0, 0.0, 0.0, 0.0, 0.0, 0.0, 1.0, 0.0, 3.0, 0.0, 0.0, 0.0, 0.0, 0.0, 0.0, 1.0, 0.0, 1.0, 0.0, 1.0, 0.0, 0.0, 0.0, 0.0, 1.0, 0.0, 1.0, 0.0, 1.0, 0.0, 0.0, 0.0, 0.0, 0.0, 0.0, 0.0, 0.0, 1.0, 0.0, 0.0, 1.0, 0.0, 0.0, 0.0, 0.0, 0.0, 0.0, 1.0],